Target sequence,sequence,class
ATACATTGGACCAGAATCCCAGG,ATACAAAGGATCAGAATCCCTGG,1
ATACAAAGGATCAGAATCCCTGG,ATACAAAGGATCAGAATCCCTGG,1
ATACAAACAACCAGAATCCCGGG,ATACAAAGGATCAGAATCCCTGG,1
ATACAACATATCAGAATCCCTGG,ATACAAAGGATCAGAATCCCTGG,1
TCACAAAGGATAAGAATCCCTGG,ATACAAAGGATCAGAATCCCTGG,1
ATACAACGTACCAGAATCCCTGG,ATACAAAGGATCAGAATCCCTGG,1
ATACAAATAATCAGAATCCAAGG,ATACAAAGGATCAGAATCCCTGG,1
ATACAATGTACCAGAATCCCTGG,ATACAAAGGATCAGAATCCCTGG,1
TAATAAAGGATCAGAATACCAGG,ATACAAAGGATCAGAATCCCTGG,1
ATACAAAGTACCAGAATCTCCGG,ATACAAAGGATCAGAATCCCTGG,1
ATACAATGTACCAGAATCCCTGG,ATACAAAGGATCAGAATCCCTGG,1
ATACAATGGACCAGAATCTCTGG,ATACAAAGGATCAGAATCCCTGG,1
ACACAAAGTATCAGAATCTCTGG,ATACAAAGGATCAGAATCCCTGG,1
ATACAAAGTACCAGAATCTCTGG,ATACAAAGGATCAGAATCCCTGG,1
ATACAAAGAAACAGAATCCAAGG,ATACAAAGGATCAGAATCCCTGG,1
ACACAAAGTATCAGAATCTCTGG,ATACAAAGGATCAGAATCCCTGG,1
CAACAAAGGATAAGAATCCCAAG,ATACAAAGGATCAGAATCCCTGG,1
AAATAAAGGATCAGAATCACAGG,ATACAAAGGATCAGAATCCCTGG,1
ATGCTCAGGATCAGAATCCCATG,ATACAAAGGATCAGAATCCCTGG,1
ATACAAAGTACCAGAATCTCTGG,ATACAAAGGATCAGAATCCCTGG,1
ATACAAAGTACCAGAATCTCTGG,ATACAAAGGATCAGAATCCCTGG,1
ACACTCAGGAACAGAATCCCTGG,ATACAAAGGATCAGAATCCCTGG,1
ACCTACTGGATCAGAATCCCTGG,ATACAAAGGATCAGAATCCCTGG,1
TTAGCATGGATCAGAATCCCGGG,ATACAAAGGATCAGAATCCCTGG,1
ACCTACAGAATCAGAATCCCTGG,ATACAAAGGATCAGAATCCCTGG,1
GGAGTGCCGAGAGTGAGCAGGGG,GCGGTGCCGAGCGTGAGCAGGGG,1
GCGGTGCCGAGCGTGAGCAGGGG,GCGGTGCCGAGCGTGAGCAGGGG,1
GCAGTGCCAAGCATGAGTAGTGG,GCGGTGCCGAGCGTGAGCAGGGG,1
GAGGTGCCGAGAGTGAGCAAGGG,GCGGTGCCGAGCGTGAGCAGGGG,1
GAGGTGCCGAGAGTGAGCAAGGG,GCGGTGCCGAGCGTGAGCAGGGG,1
GAGGTGCCGAGAGTGAGCAAGGG,GCGGTGCCGAGCGTGAGCAGGGG,1
GAGGTGCCGAGAGTGAGCAAGGG,GCGGTGCCGAGCGTGAGCAGGGG,1
GAGGTGCCAAGAGTGAGCAAGGG,GCGGTGCCGAGCGTGAGCAGGGG,1
GAGGTGCTGAGAGTGAGCAAGGG,GCGGTGCCGAGCGTGAGCAGGGG,1
GAGGTGCCGAGAGTGAGCAAGGG,GCGGTGCCGAGCGTGAGCAGGGG,1
GAGGTGCCGAGAGTGAGCAAAGG,GCGGTGCCGAGCGTGAGCAGGGG,1
GAGGTGCCAAGAGTGAGCAAGGG,GCGGTGCCGAGCGTGAGCAGGGG,1
GCGGGGCCGAGCGTGAGAAGCGG,GCGGTGCCGAGCGTGAGCAGGGG,1
GTTGAGCCGAGCCTGAGCAGGGG,GCGGTGCCGAGCGTGAGCAGGGG,1
CCTGTGCTGAGCGTAAGCAGTGG,GCGGTGCCGAGCGTGAGCAGGGG,1
GAGGTGCCAAGAGTGAGCAAGGG,GCGGTGCCGAGCGTGAGCAGGGG,1
GAGGCACCGAACATGAGCAGGGG,GCGGTGCCGAGCGTGAGCAGGGG,1
TCGGCGCCGAGAGTGAGCAAGGG,GCGGTGCCGAGCGTGAGCAGGGG,1
AAGGTACCGAGAGTGAACAGAGG,GCGGTGCCGAGCGTGAGCAGGGG,1
ATAGTAATGGATTACTGTGAGGG,ATAGTAATGGATTACTGTGAGGG,1
AGTCATATGGATTACTGTGATGG,ATAGTAATGGATTACTGTGAGGG,1
GCGGTGCCCAGCGTGAGGAGGGG,GCGGTGCCGAGCGTGAGCAGGGG,0
GCGGTGCCGAGCGGCAGCAGCGG,GCGGTGCCGAGCGTGAGCAGGGG,0
ATATTAATGAATTACTGAGAAGG,ATAGTAATGGATTACTGTGAGGG,0
ATACAAAGGATCTGAATGTCAGG,ATACAAAGGATCAGAATCCCTGG,0
ATACAAAGGACCATAAGCCCTGG,ATACAAAGGATCAGAATCCCTGG,0
ATACAATGTATCAGAATCACTGG,ATACAAAGGATCAGAATCCCTGG,0
AGAGCAATGGATCACTGTGAGGG,ATAGTAATGGATTACTGTGAGGG,0
ATACAAGATATCAGAATCCCTGG,ATACAAAGGATCAGAATCCCTGG,0
ATCCAAAGGAACAGAATGCCAGG,ATACAAAGGATCAGAATCCCTGG,0
ATGGTAATGGGTTACTGAGAAGG,ATAGTAATGGATTACTGTGAGGG,0
ATGGTAATGAATTAATGTGATGG,ATAGTAATGGATTACTGTGAGGG,0
GCGGTGCTGAGCGTGAGATGAGG,GCGGTGCCGAGCGTGAGCAGGGG,0
ACACAATGTATCAGAATCCCTGG,ATACAAAGGATCAGAATCCCTGG,0
ATACAAGGGCTGAGAATCCCTGG,ATACAAAGGATCAGAATCCCTGG,0
ATACAATGTATCAGAATCTCTGG,ATACAAAGGATCAGAATCCCTGG,0
ATACAATGTATCAGAATCTCTGG,ATACAAAGGATCAGAATCCCTGG,0
ATACTCATGGATTACTATGAGGG,ATAGTAATGGATTACTGTGAGGG,0
ATTGTAATGGAATATTGTGAAGG,ATAGTAATGGATTACTGTGAGGG,0
ATAATAATGGTTTACTGAGATGG,ATAGTAATGGATTACTGTGAGGG,0
ATTGTAATGGAATATTGTGATGG,ATAGTAATGGATTACTGTGAGGG,0
ATTGTGATGGAATACTGTGATGG,ATAGTAATGGATTACTGTGAGGG,0
ATACAAACCATCAGAAACCCTGG,ATACAAAGGATCAGAATCCCTGG,0
ATACAATGTATCAGAATCTCTGG,ATACAAAGGATCAGAATCCCTGG,0
ATACAAAGAGTCAGAATCACAGG,ATACAAAGGATCAGAATCCCTGG,0
ATACAACGTATCAGAATCTCTGG,ATACAAAGGATCAGAATCCCTGG,0
GCAGTGCCCAGCGTGAGGAGGGG,GCGGTGCCGAGCGTGAGCAGGGG,0
GAGGTGCCGAGCCTGAGGAGAGG,GCGGTGCCGAGCGTGAGCAGGGG,0
GGGGTGCCATGCGTGAGCAGCGG,GCGGTGCCGAGCGTGAGCAGGGG,0
ACACAAAGCATCAGAATCTCTGG,ATACAAAGGATCAGAATCCCTGG,0
ATACAATGTATCAGAATCTCTGG,ATACAAAGGATCAGAATCCCTGG,0
AGACTAATGCATTACTGTGATGG,ATAGTAATGGATTACTGTGAGGG,0
ATACAATGTATCAGAATCTCTGG,ATACAAAGGATCAGAATCCCTGG,0
ATAGTACTGCATCACTGTGATGG,ATAGTAATGGATTACTGTGAGGG,0
GCGGTGGGGAGGGTGAGCAGGGG,GCGGTGCCGAGCGTGAGCAGGGG,0
TTACAAAGGATAAGATTCCCAGG,ATACAAAGGATCAGAATCCCTGG,0
ATACACAGGATCTGAATCACAGG,ATACAAAGGATCAGAATCCCTGG,0
ATACAACGTATCAGAATCTCTGG,ATACAAAGGATCAGAATCCCTGG,0
GTACAAAGGAGCTGAATCCCTGG,ATACAAAGGATCAGAATCCCTGG,0
ATACAAACTATCAGAATCTCTGG,ATACAAAGGATCAGAATCCCTGG,0
ATTGAAAGGATCAGAATCCAGGG,ATACAAAGGATCAGAATCCCTGG,0
ATAGTAGTGGATGATTGTGATGG,ATAGTAATGGATTACTGTGAGGG,0
ATATTAATGAATTAATGTGATGG,ATAGTAATGGATTACTGTGAGGG,0
ATAGAATGGATCAGAATTCCTGG,ATACAAAGGATCAGAATCCCTGG,0
ATACAATGTATCAGAATCTCTGG,ATACAAAGGATCAGAATCCCTGG,0
ATACAATGTATCAGAATCTCTGG,ATACAAAGGATCAGAATCCCTGG,0
ATACAATTGATCAGAATACCAGG,ATACAAAGGATCAGAATCCCTGG,0
ATACAACGTATCAGAATCTCTGG,ATACAAAGGATCAGAATCCCTGG,0
ATGCAAAGGAGCAGAATCTCTGG,ATACAAAGGATCAGAATCCCTGG,0
ATAGGAATGGATGACTGTGTGGG,ATAGTAATGGATTACTGTGAGGG,0
AAAGTAATGGATTACTCGGATGG,ATAGTAATGGATTACTGTGAGGG,0
AGACAACATATCAGAATCCCTGG,ATACAAAGGATCAGAATCCCTGG,0
ACACAAAGTACCAGAATCTCTGG,ATACAAAGGATCAGAATCCCTGG,0
ATACAATGTACCAGAATCTCTGG,ATACAAAGGATCAGAATCCCTGG,0
ACACAACGTACCAGAATCCCTGG,ATACAAAGGATCAGAATCCCTGG,0
ATAAAAATGATCAAAAGCCCAGG,ATACAAAGGATCAGAATCCCTGG,0
TTATAAAGGATAAGAATTCCAGG,ATACAAAGGATCAGAATCCCTGG,0
ATAGTAATTGATTGCTGGGGAGG,ATAGTAATGGATTACTGTGAGGG,0
GAGGTGCCGAGAGTGAGCGAGGG,GCGGTGCCGAGCGTGAGCAGGGG,0
GAGGTGCCGAGAGCGAGCAAGGG,GCGGTGCCGAGCGTGAGCAGGGG,0
ATACGAAGTACCAGAATCTCTGG,ATACAAAGGATCAGAATCCCTGG,0
ATACAAAAGGTCAGAGACCCAGG,ATACAAAGGATCAGAATCCCTGG,0
ACACAACGTATCAGAATCTCTGG,ATACAAAGGATCAGAATCCCTGG,0
ATACAATGTACCAGAATCTCTGG,ATACAAAGGATCAGAATCCCTGG,0
ATGCAAAGTCTGAGAATCCCAGG,ATACAAAGGATCAGAATCCCTGG,0
AGACAACGTATCAGAATCTCTGG,ATACAAAGGATCAGAATCCCTGG,0
ATACAACATATCAGAATCTCTGG,ATACAAAGGATCAGAATCCCTGG,0
ATACAACATACCAGAATCCCTGG,ATACAAAGGATCAGAATCCCTGG,0
ATACAACATACCAGAATCCCTGG,ATACAAAGGATCAGAATCCCTGG,0
ACACAATGTATCAGAATCTCTGG,ATACAAAGGATCAGAATCCCTGG,0
AAAGTAAGGGCCTACTGTGAGGG,ATAGTAATGGATTACTGTGAGGG,0
GAGGTGCCGAGAGCGAGCAAGGG,GCGGTGCCGAGCGTGAGCAGGGG,0
AACCAAAGGATCAGAATTCATGG,ATACAAAGGATCAGAATCCCTGG,0
AAGGAAATGGATTACTCTGATGG,ATAGTAATGGATTACTGTGAGGG,0
GAGGTGCCGAGAGCGAGCAAGGG,GCGGTGCCGAGCGTGAGCAGGGG,0
GAGGTGCCGAGAGTAAGCAAGGG,GCGGTGCCGAGCGTGAGCAGGGG,0
GAGGCGCCGAGAGTGAGCAAGGG,GCGGTGCCGAGCGTGAGCAGGGG,0
AGACAATGTATCAGAATCTCTGG,ATACAAAGGATCAGAATCCCTGG,0
ATACAACACATCAGAATCTCTGG,ATACAAAGGATCAGAATCCCTGG,0
ATACAATGTACCAGAATCTCTGG,ATACAAAGGATCAGAATCCCTGG,0
AGACAATGTATCAGAATCTCAGG,ATACAAAGGATCAGAATCCCTGG,0
ATATACAGGTTCAGAATCTCTGG,ATACAAAGGATCAGAATCCCTGG,0
GAGGTGCCGAGAGTGAGCGAGGG,GCGGTGCCGAGCGTGAGCAGGGG,0
ATTGTTATGGATTAAGGTGATGG,ATAGTAATGGATTACTGTGAGGG,0
ATTTTAATGGATTGCTGGGAAGG,ATAGTAATGGATTACTGTGAGGG,0
GAGGTGCCGAGAGTGAGCGAGGG,GCGGTGCCGAGCGTGAGCAGGGG,0
ATACAACGTACCAGAATCTCTGG,ATACAAAGGATCAGAATCCCTGG,0
ATACAAAGGAATAGAATTGCTGG,ATACAAAGGATCAGAATCCCTGG,0
AGACAACGTATCAGAATCTCTGG,ATACAAAGGATCAGAATCCCTGG,0
ATATAAAGGATCAGGATACAGGG,ATACAAAGGATCAGAATCCCTGG,0
ATACAACGTACCAGAATCTCTGG,ATACAAAGGATCAGAATCCCTGG,0
ATACAATGTACCAGAATCTCTGG,ATACAAAGGATCAGAATCCCTGG,0
ATACAATGGAATAGAATCACTGG,ATACAAAGGATCAGAATCCCTGG,0
ATAGTGATTAATTATTGTGAAGG,ATAGTAATGGATTACTGTGAGGG,0
ATATAAATAAATTACTGTGATGG,ATAGTAATGGATTACTGTGAGGG,0
ATAGTAATGCATAAATGTAAAGG,ATAGTAATGGATTACTGTGAGGG,0
GAGGCGCCGAGAGTGAGCAAGGG,GCGGTGCCGAGCGTGAGCAGGGG,0
ATACAAAAGCTTAGAATGCCTGG,ATACAAAGGATCAGAATCCCTGG,0
ATAGCACTGGATGACTCTGAGGG,ATAGTAATGGATTACTGTGAGGG,0
GCGGTGCCCAGCCTGCCCAGGGG,GCGGTGCCGAGCGTGAGCAGGGG,0
GCGGGGCCGGGCGCGGGCAGCGG,GCGGTGCCGAGCGTGAGCAGGGG,0
ACACAAAGTACCAGAATCTCTGG,ATACAAAGGATCAGAATCCCTGG,0
ATACAATGTACCAGAATCTCTGG,ATACAAAGGATCAGAATCCCTGG,0
AAAGTACTGGATTACAGGGATGG,ATAGTAATGGATTACTGTGAGGG,0
TTAGTAGTGGATTTCTGTGCAGG,ATAGTAATGGATTACTGTGAGGG,0
ATCCTTATGGATGACTGTGAGGG,ATAGTAATGGATTACTGTGAGGG,0
AGAGTAAAGGATTCCAGTGAGGG,ATAGTAATGGATTACTGTGAGGG,0
ATAGTAATGAATGACAGGGAAGG,ATAGTAATGGATTACTGTGAGGG,0
ATACAATGTACCAGAATCTCTGG,ATACAAAGGATCAGAATCCCTGG,0
ATTGTAATGAATCATTGTGATGG,ATAGTAATGGATTACTGTGAGGG,0
ATCCAAAGGGTCAGAAGCTCTGG,ATACAAAGGATCAGAATCCCTGG,0
ATACAATGTACCAGAATCTCTGG,ATACAAAGGATCAGAATCCCTGG,0
ATACAACGTATCAGAATTTCTGG,ATACAAAGGATCAGAATCCCTGG,0
ATACCAGGGATAAGACTCCCTGG,ATACAAAGGATCAGAATCCCTGG,0
AGGGTAATGGATGACAGTGATGG,ATAGTAATGGATTACTGTGAGGG,0
ATACAAGATATCAGAATCTCTGG,ATACAAAGGATCAGAATCCCTGG,0
ACACAATGTATCAGAATCTCTGG,ATACAAAGGATCAGAATCCCTGG,0
ACACAATGTATCAGAATCTCTGG,ATACAAAGGATCAGAATCCCTGG,0
ATTTTATTGAATTACTGTGAAGG,ATAGTAATGGATTACTGTGAGGG,0
ATATCAATGGATTACTCTGGAGG,ATAGTAATGGATTACTGTGAGGG,0
AAAGTGATGGATTCCTGTCATGG,ATAGTAATGGATTACTGTGAGGG,0
ATACAACGTAACAGAATCTCTGG,ATACAAAGGATCAGAATCCCTGG,0
GGGGTGTCCGGCGTGAGCAGGGG,GCGGTGCCGAGCGTGAGCAGGGG,0
AGAATAATTGATTACTGTTAAGG,ATAGTAATGGATTACTGTGAGGG,0
AAAGTAATGAATTACTTTCAAGG,ATAGTAATGGATTACTGTGAGGG,0
GAGGCGCCGAGAGTGAGCAAGGG,GCGGTGCCGAGCGTGAGCAGGGG,0
AGACAATGTATCAGAATCTCTGG,ATACAAAGGATCAGAATCCCTGG,0
GTACAGAGGAGCAGACTCCCGGG,ATACAAAGGATCAGAATCCCTGG,0
ATACAAAATACCAGAATCTCCGG,ATACAAAGGATCAGAATCCCTGG,0
AGACAAAGTACCAGAATCTCTGG,ATACAAAGGATCAGAATCCCTGG,0
AAAGAAAGGAACAGAATTCCTGG,ATACAAAGGATCAGAATCCCTGG,0
AGACAATGTATCAGAATCTCTGG,ATACAAAGGATCAGAATCCCTGG,0
ATACAATGTACCAGAATCTCTGG,ATACAAAGGATCAGAATCCCTGG,0
ATACAACATATCAGAATCTCAGG,ATACAAAGGATCAGAATCCCTGG,0
ATACAAAATACCAGAATCTCTGG,ATACAAAGGATCAGAATCCCTGG,0
CTGGCAATGGATTATTGTGATGG,ATAGTAATGGATTACTGTGAGGG,0
ATAGTAAATGATTAAGGTGATGG,ATAGTAATGGATTACTGTGAGGG,0
GTACAAAGGATCATAAGCCATGG,ATACAAAGGATCAGAATCCCTGG,0
ATACAACGTACCAGAATCTCTGG,ATACAAAGGATCAGAATCCCTGG,0
ATTCAAAGGGTCAAAACCCCAGG,ATACAAAGGATCAGAATCCCTGG,0
GAGGTGCTGAGAGTGAGCAATGG,GCGGTGCCGAGCGTGAGCAGGGG,0
GAGGTGCCGAGAGCGAGCAAGGG,GCGGTGCCGAGCGTGAGCAGGGG,0
AGACAAAGTACCAGAATCTCTGG,ATACAAAGGATCAGAATCCCTGG,0
ACACAACGTATCAGAATCTCTGG,ATACAAAGGATCAGAATCCCTGG,0
GCTGTGCAGAGCGTTAGGGGAGG,GCGGTGCCGAGCGTGAGCAGGGG,0
GGGTTGCGGAGAGTGAGCAAGGG,GCGGTGCCGAGCGTGAGCAGGGG,0
GCCGTGCCCAGCTTGTGCATTGG,GCGGTGCCGAGCGTGAGCAGGGG,0
GCGGGGCGGAGCGGGAGGATGGG,GCGGTGCCGAGCGTGAGCAGGGG,0
GCGGACCCCTGCGCGAGCAGCGG,GCGGTGCCGAGCGTGAGCAGGGG,0
GAACAAATGAGCAGAATCTCTGG,ATACAAAGGATCAGAATCCCTGG,0
ACACAAAATACCAGAATCTCTGG,ATACAAAGGATCAGAATCCCTGG,0
AAACAAACAAACAAAATCCCTGG,ATACAAAGGATCAGAATCCCTGG,0
ATACAACATACCAGAATCTCTGG,ATACAAAGGATCAGAATCCCTGG,0
AGACTAAGGGTCAGGAACCCAGG,ATACAAAGGATCAGAATCCCTGG,0
AGACAATGTACCAGAATCTCTGG,ATACAAAGGATCAGAATCCCTGG,0
GTATAAGGGATCAGAGTCCTTGG,ATACAAAGGATCAGAATCCCTGG,0
ATACAAAGGCTCAAAATAAAGGG,ATACAAAGGATCAGAATCCCTGG,0
ATACAACTTACCAGAATCTCTGG,ATACAAAGGATCAGAATCCCTGG,0
ATACAACATAACAGAATCTCTGG,ATACAAAGGATCAGAATCCCTGG,0
ACACAATGTACCAGAATCTCTGG,ATACAAAGGATCAGAATCCCTGG,0
ATAAAATGAACCAGAATTCCTGG,ATACAAAGGATCAGAATCCCTGG,0
ACACAACGTACCAGAATCTCTGG,ATACAAAGGATCAGAATCCCTGG,0
ACACAATGTACCAGAATCTCTGG,ATACAAAGGATCAGAATCCCTGG,0
AGACAATGTACCAGAATCTCTGG,ATACAAAGGATCAGAATCCCTGG,0
ATTCAAGGCATGAAAATCCCAGG,ATACAAAGGATCAGAATCCCTGG,0
ACACAACGTACCAGAATCTCTGG,ATACAAAGGATCAGAATCCCTGG,0
CTTCAAAGGGTAAGAATCGCAGG,ATACAAAGGATCAGAATCCCTGG,0
ACACAATGTACCAGAATCTCTGG,ATACAAAGGATCAGAATCCCTGG,0
AGACAATGTACCAGAATCTCTGG,ATACAAAGGATCAGAATCCCTGG,0
AAACAAAGGATGCAATTCCCTGG,ATACAAAGGATCAGAATCCCTGG,0
AAACAAAAAACAAGAATCCCAGG,ATACAAAGGATCAGAATCCCTGG,0
ACACAACATACCAGAATCCCTGG,ATACAAAGGATCAGAATCCCTGG,0
AGACAAAGGATAGGACTGCCAGG,ATACAAAGGATCAGAATCCCTGG,0
ACACATAGGAGTAGAATTCCAGG,ATACAAAGGATCAGAATCCCTGG,0
ACACAACATATCAGAATCTCTGG,ATACAAAGGATCAGAATCCCTGG,0
ACACAATGTACCAGAATCTCTGG,ATACAAAGGATCAGAATCCCTGG,0
ATCCTCATGGATGACTTTGAGGG,ATAGTAATGGATTACTGTGAGGG,0
ATCATCATGGATGACTTTGAGGG,ATAGTAATGGATTACTGTGAGGG,0
ATAGTAAAAGGTTTCTGTAAAGG,ATAGTAATGGATTACTGTGAGGG,0
GAAGTAAGGGATCACTGTTATGG,ATAGTAATGGATTACTGTGAGGG,0
ATAATAATGCATTATTCTGGAGG,ATAGTAATGGATTACTGTGAGGG,0
ATACAAATGTATTAATGTGGTGG,ATAGTAATGGATTACTGTGAGGG,0
ATCCTCATGGATGACTTTGAGGG,ATAGTAATGGATTACTGTGAGGG,0
ATAGAAATGGGTAAATGTGTAGG,ATAGTAATGGATTACTGTGAGGG,0
GTAAGAATGGATTAATGTCAAGG,ATAGTAATGGATTACTGTGAGGG,0
GAACTGCCGAGGGAGAGCAGGGG,GCGGTGCCGAGCGTGAGCAGGGG,0
GAGGCGCTGAGAGTGAGCAAGGG,GCGGTGCCGAGCGTGAGCAGGGG,0
GGGATGCCGAGTGTGAGCTCAGG,GCGGTGCCGAGCGTGAGCAGGGG,0
GGGGAGCCTAGCGGGAGCTGAGG,GCGGTGCCGAGCGTGAGCAGGGG,0
ACACAATGTACCAGAATCTCTGG,ATACAAAGGATCAGAATCCCTGG,0
ACACAACGTACCAGAATCTCTGG,ATACAAAGGATCAGAATCCCTGG,0
ATACAAAGAATTAGAAGAGCAGG,ATACAAAGGATCAGAATCCCTGG,0
ATACAATATACCAGAATCTCTGG,ATACAAAGGATCAGAATCCCTGG,0
ACACAACATATCAGAATCTCTGG,ATACAAAGGATCAGAATCCCTGG,0
GCACAAAGAATCAGAAACTCAGG,ATACAAAGGATCAGAATCCCTGG,0
AGACAATGTACCAGAATCTCTGG,ATACAAAGGATCAGAATCCCTGG,0
AGAAAAAGGAGCAGGATCCTTGG,ATACAAAGGATCAGAATCCCTGG,0
ATACAAATGTTATGAATACCTGG,ATACAAAGGATCAGAATCCCTGG,0
ACACAATGTACCAGAATCTCTGG,ATACAAAGGATCAGAATCCCTGG,0
AGACAAATGAACAGAATTCTAGG,ATACAAAGGATCAGAATCCCTGG,0
ATACAACACACCAGAATCTCTGG,ATACAAAGGATCAGAATCCCTGG,0
ACACAATGTACCAGAATCTCTGG,ATACAAAGGATCAGAATCCCTGG,0
ATACCTAGGAGCAGAATGGCTGG,ATACAAAGGATCAGAATCCCTGG,0
AGACAAAGCATCCCAATGCCAGG,ATACAAAGGATCAGAATCCCTGG,0
AGACAATGTACCAGAATCTCTGG,ATACAAAGGATCAGAATCCCTGG,0
AGACAATGTACCAGAATCTCTGG,ATACAAAGGATCAGAATCCCTGG,0
ATATTGATAGATTACTATGCAGG,ATAGTAATGGATTACTGTGAGGG,0
ATGGTGATGGATGATGGTGATGG,ATAGTAATGGATTACTGTGAGGG,0
ATATTATTAGTGTACTGTGAAGG,ATAGTAATGGATTACTGTGAGGG,0
AGAGTAACGGATTACTAGGTAGG,ATAGTAATGGATTACTGTGAGGG,0
CAAGTAATGAAATACTGTAATGG,ATAGTAATGGATTACTGTGAGGG,0
AAAGTACTGGATTGTTGAGATGG,ATAGTAATGGATTACTGTGAGGG,0
ATGGTAATGCATCTTTGTGATGG,ATAGTAATGGATTACTGTGAGGG,0
ATATTATTTGATGACTTTGAGGG,ATAGTAATGGATTACTGTGAGGG,0
ATAGTAGTGCCTTACTTTTATGG,ATAGTAATGGATTACTGTGAGGG,0
GAGGTGCCGAGAGTGAGTGAGGG,GCGGTGCCGAGCGTGAGCAGGGG,0
GCTGTGCTGGCGGTGAGCAGAGG,GCGGTGCCGAGCGTGAGCAGGGG,0
GAGGTGCCAAGAGCGAGCAAGGG,GCGGTGCCGAGCGTGAGCAGGGG,0
GCTGGGCCTAGCGGTAGCAGCGG,GCGGTGCCGAGCGTGAGCAGGGG,0
ACACAACGTACCAGAATCTCTGG,ATACAAAGGATCAGAATCCCTGG,0
ATACAACATACCAGAATCTCTGG,ATACAAAGGATCAGAATCCCTGG,0
ACACAACGTACCAGAATCTCTGG,ATACAAAGGATCAGAATCCCTGG,0
ACACAATGTACCAGAATCTCTGG,ATACAAAGGATCAGAATCCCTGG,0
ACACAACATATCAGAATCTCTGG,ATACAAAGGATCAGAATCCCTGG,0
ATACAAAGGAGTGAAATCTCTGG,ATACAAAGGATCAGAATCCCTGG,0
ACACAACGTACCAGAATCTCTGG,ATACAAAGGATCAGAATCCCTGG,0
ACACAATGTACCAGAATCTCTGG,ATACAAAGGATCAGAATCCCTGG,0
ATACCCAGGAGTAGAATCACTGG,ATACAAAGGATCAGAATCCCTGG,0
ACACAACATATCAGAATCTCTGG,ATACAAAGGATCAGAATCCCTGG,0
ATACAACATATCAGAATCTTTGG,ATACAAAGGATCAGAATCCCTGG,0
TTCCAAAGGATCACAACTCCTGG,ATACAAAGGATCAGAATCCCTGG,0
ACACAACGTACCAGAATCTCTGG,ATACAAAGGATCAGAATCCCTGG,0
ATACAAAGGGGCTGAGTCCATGG,ATACAAAGGATCAGAATCCCTGG,0
ACACAAGGTACCAGAATCTCTGG,ATACAAAGGATCAGAATCCCTGG,0
ATACAAAAGACAAGTCTCCCAGG,ATACAAAGGATCAGAATCCCTGG,0
ACACAATGTACCAGAATCTCTGG,ATACAAAGGATCAGAATCCCTGG,0
ATAGAAAGAATTAGAATGCTGGG,ATACAAAGGATCAGAATCCCTGG,0
ATACAACATACCAGAATCTCTGG,ATACAAAGGATCAGAATCCCTGG,0
TTACACAGGGGCAGATTCCCAGG,ATACAAAGGATCAGAATCCCTGG,0
ACACAACGTACCAGAATCTCTGG,ATACAAAGGATCAGAATCCCTGG,0
ACACAATGAACCAGAATCTCTGG,ATACAAAGGATCAGAATCCCTGG,0
AGACAAGGTACCAGGATCCCTGG,ATACAAAGGATCAGAATCCCTGG,0
ACACAACGTACCAGAATCTCTGG,ATACAAAGGATCAGAATCCCTGG,0
ATACAACATACCAGAATCTCTGG,ATACAAAGGATCAGAATCCCTGG,0
ACACAACGTACCAGAATCTCCGG,ATACAAAGGATCAGAATCCCTGG,0
TTACAAAGAATAAGAAACACAGG,ATACAAAGGATCAGAATCCCTGG,0
ACACAACGTACCAGAATCTCTGG,ATACAAAGGATCAGAATCCCTGG,0
ACACAACGTACCAGAATCTCTGG,ATACAAAGGATCAGAATCCCTGG,0
ACACAATGTACCAGAATCTCTGG,ATACAAAGGATCAGAATCCCTGG,0
ATCCAAAAAATCAGATTCACAGG,ATACAAAGGATCAGAATCCCTGG,0
ACACAGAGTAGCACAATCCCAGG,ATACAAAGGATCAGAATCCCTGG,0
ACACAAAGTACCTGAATCTCTGG,ATACAAAGGATCAGAATCCCTGG,0
ATACAACATACCAGAATCTCTGG,ATACAAAGGATCAGAATCCCTGG,0
AGACAACGTACCAGAATCTCTGG,ATACAAAGGATCAGAATCCCTGG,0
ATAAAACGTACCAGAATCTCTGG,ATACAAAGGATCAGAATCCCTGG,0
ACACAATGTACCAGAATCTCTGG,ATACAAAGGATCAGAATCCCTGG,0
ATACCAAGGTTTCAAATCCCAGG,ATACAAAGGATCAGAATCCCTGG,0
ATACAACATACCAGAATCTCTGG,ATACAAAGGATCAGAATCCCTGG,0
AGACAATGTACCAGAATCTCTGG,ATACAAAGGATCAGAATCCCTGG,0
ATACAACATACCAGAATCTCTGG,ATACAAAGGATCAGAATCCCTGG,0
ACACAACGTAACAGAATCTCTGG,ATACAAAGGATCAGAATCCCTGG,0
AGGGTAATGGGGGACTGTGAAGG,ATAGTAATGGATTACTGTGAGGG,0
ATATTAACTGATTACCTTGAGGG,ATAGTAATGGATTACTGTGAGGG,0
ATTGATATGGATTTCTGGGAAGG,ATAGTAATGGATTACTGTGAGGG,0
ATTTAAATGTATTAATGTGAGGG,ATAGTAATGGATTACTGTGAGGG,0
ATAGTAATATGTATCTGTGATGG,ATAGTAATGGATTACTGTGAGGG,0
ATACTATTTGATGACTTTGAGGG,ATAGTAATGGATTACTGTGAGGG,0
ATAGTATTGGATTTCTGGCCAGG,ATAGTAATGGATTACTGTGAGGG,0
ATACAAATAGAATACTATGATGG,ATAGTAATGGATTACTGTGAGGG,0
TTAGTTATGGATTAAATTGATGG,ATAGTAATGGATTACTGTGAGGG,0
ATTAAAATGGCTCACTGTGAGGG,ATAGTAATGGATTACTGTGAGGG,0
CTAGAGATGGATGACGGTGATGG,ATAGTAATGGATTACTGTGAGGG,0
ACCCTCATGGATGACTGTGAGGG,ATAGTAATGGATTACTGTGAGGG,0
ATAATAATAGATTGCTGTTCTGG,ATAGTAATGGATTACTGTGAGGG,0
TTTGCAATGGATGAATGTGATGG,ATAGTAATGGATTACTGTGAGGG,0
GAGGTGCCGAGAGCGAGCGAGGG,GCGGTGCCGAGCGTGAGCAGGGG,0
GTGGTGTCCAGGGTGGGCAGGGG,GCGGTGCCGAGCGTGAGCAGGGG,0
GCGGGGCCGAGCGCGGGTGGGGG,GCGGTGCCGAGCGTGAGCAGGGG,0
GAGGCGCCGAGAGCGAGCAAGGG,GCGGTGCCGAGCGTGAGCAGGGG,0
GCGGAGCCGAGCCTGAGGCAGGG,GCGGTGCCGAGCGTGAGCAGGGG,0
GAGGTGCTGAGAGTGAGCGAGGG,GCGGTGCCGAGCGTGAGCAGGGG,0
ACACAACGTACCAGAATCTCTGG,ATACAAAGGATCAGAATCCCTGG,0
ATACAACATACCAGAATCTCTGG,ATACAAAGGATCAGAATCCCTGG,0
ACACAATGTACCAGAATCTCTGG,ATACAAAGGATCAGAATCCCTGG,0
ATACCAAGGAGTAGAATTACTGG,ATACAAAGGATCAGAATCCCTGG,0
ACACAACGTACCAGAATCTCTGG,ATACAAAGGATCAGAATCCCTGG,0
ATCCACAGGATCTGCAGCCCAGG,ATACAAAGGATCAGAATCCCTGG,0
ACACAACGTACCAGAATCTCTGG,ATACAAAGGATCAGAATCCCTGG,0
ACACAATGTACCAGAATCTCTGG,ATACAAAGGATCAGAATCCCTGG,0
ATTCAAAGGCTGAGGTTCCCTGG,ATACAAAGGATCAGAATCCCTGG,0
ACACAATGTACCAGAATCTCTGG,ATACAAAGGATCAGAATCCCTGG,0
ATACATAAGTTCAGATGCCCAGG,ATACAAAGGATCAGAATCCCTGG,0
AGACAATGTACCAGAATCTCTGG,ATACAAAGGATCAGAATCCCTGG,0
ATATAGAAGATGAGAGTCCCGGG,ATACAAAGGATCAGAATCCCTGG,0
ATACAACACACCAGAATCTCTGG,ATACAAAGGATCAGAATCCCTGG,0
ATACAATATATCAGAATCTTTGG,ATACAAAGGATCAGAATCCCTGG,0
ACACAACATATCAGAATCTCTGG,ATACAAAGGATCAGAATCCCTGG,0
AAACAGAGGATGAGCATCCGAGG,ATACAAAGGATCAGAATCCCTGG,0
GCACAATGTACCAGAATCCCTGG,ATACAAAGGATCAGAATCCCTGG,0
ATCGTGATGGACTCCGGTGACGG,ATAGTAATGGATTACTGTGAGGG,0
ATAGAAAGTGATTCCTCTGAGGG,ATAGTAATGGATTACTGTGAGGG,0
ATTGTACTGGATTTCTGTCCAGG,ATAGTAATGGATTACTGTGAGGG,0
ATCGGAATGGATTCCAATGATGG,ATAGTAATGGATTACTGTGAGGG,0
ATAGATAGGGATTCCTCTGATGG,ATAGTAATGGATTACTGTGAGGG,0
ATAATAATGGATTTTTTTAATGG,ATAGTAATGGATTACTGTGAGGG,0
ATGGCAATGGGATGCTGTGATGG,ATAGTAATGGATTACTGTGAGGG,0
AAAGCAATGGATTATTCAGAAGG,ATAGTAATGGATTACTGTGAGGG,0
ATAGAAACGGATTCCTTTGGTGG,ATAGTAATGGATTACTGTGAGGG,0
ATAATAATTGCTTAAAGTGAAGG,ATAGTAATGGATTACTGTGAGGG,0
ATACAAATGGATTTGTGTAAAGG,ATAGTAATGGATTACTGTGAGGG,0
ATGGTGCTGAGAGGGAGCAGTGG,GCGGTGCCGAGCGTGAGCAGGGG,0
GAGGTGCCAAGAGTGAGCGAGGG,GCGGTGCCGAGCGTGAGCAGGGG,0
GAGGGGCTGAGCCTCAGCAGGGG,GCGGTGCCGAGCGTGAGCAGGGG,0
GAGGTGCCAAGAGTGAGCGAGGG,GCGGTGCCGAGCGTGAGCAGGGG,0
GAGGTGCCAAGAGTGAGCGAGGG,GCGGTGCCGAGCGTGAGCAGGGG,0
GAGGTGCCGAGAGCGAGCGAAGG,GCGGTGCCGAGCGTGAGCAGGGG,0
CCGGTGACCAGAGAGAGCAGAGG,GCGGTGCCGAGCGTGAGCAGGGG,0
AGACAATGTAGCAGAATCTCTGG,ATACAAAGGATCAGAATCCCTGG,0
ATACCAAGGAGCACAATTGCTGG,ATACAAAGGATCAGAATCCCTGG,0
ATAGCAATGTATTACATTTATGG,ATAGTAATGGATTACTGTGAGGG,0
AAAGAAATGCATTGGTGTGAGGG,ATAGTAATGGATTACTGTGAGGG,0
AAAATTATGGATTACAGTAATGG,ATAGTAATGGATTACTGTGAGGG,0
CTATTACTGGTTTACTATGAAGG,ATAGTAATGGATTACTGTGAGGG,0
TTAGTATTGGATTTGTCTGAGGG,ATAGTAATGGATTACTGTGAGGG,0
ACAGTAATGGATGGCGGTGGGGG,ATAGTAATGGATTACTGTGAGGG,0
ATACAAATGGAAAACTGTCAGGG,ATAGTAATGGATTACTGTGAGGG,0
ATAGTACTAGATTAATGTACTGG,ATAGTAATGGATTACTGTGAGGG,0
AAAGAAATGGTTTACAGAGAAGG,ATAGTAATGGATTACTGTGAGGG,0
ATAGATATGACCTACTGTGATGG,ATAGTAATGGATTACTGTGAGGG,0
GGGGTCCCGAGCGGGAAGAGTGG,GCGGTGCCGAGCGTGAGCAGGGG,0
GAGGTGCTGAGAGTGAGCGAGGG,GCGGTGCCGAGCGTGAGCAGGGG,0
GCAGTGCAGGGTGTGTGCAGTGG,GCGGTGCCGAGCGTGAGCAGGGG,0
GAGGTGCTGAGAGCGAGCAAGGG,GCGGTGCCGAGCGTGAGCAGGGG,0
GGTGGGGCCAGCGTGAGCAGGGG,GCGGTGCCGAGCGTGAGCAGGGG,0
ATAGTTACGGATAATTTTGAAGG,ATAGTAATGGATTACTGTGAGGG,0
ATATTTTTGGATTATTCTGAAGG,ATAGTAATGGATTACTGTGAGGG,0
ATTGTAAGGGAAAACAGTGATGG,ATAGTAATGGATTACTGTGAGGG,0
GAAGAAATGGGTGACTGTGAAGG,ATAGTAATGGATTACTGTGAGGG,0
AAAATAATGGGGTACTGTGGAGG,ATAGTAATGGATTACTGTGAGGG,0
ATTCTCATGGATGACTTTGAGGG,ATAGTAATGGATTACTGTGAGGG,0
GTACAAATAGATTAGTGTGAGGG,ATAGTAATGGATTACTGTGAGGG,0
ATATTTATCAAGTACTGTGAGGG,ATAGTAATGGATTACTGTGAGGG,0
TTAGAAATGGATAATGGTGACGG,ATAGTAATGGATTACTGTGAGGG,0
GTATTAATGGATAAATGTCAAGG,ATAGTAATGGATTACTGTGAGGG,0
AATGTAATGGATTGTTGGGAGGG,ATAGTAATGGATTACTGTGAGGG,0
ATAATAATGGATGAATGAAAAGG,ATAGTAATGGATTACTGTGAGGG,0
GCGGTGGTGGGGGTGAGCATGGG,GCGGTGCCGAGCGTGAGCAGGGG,0
ACGGTACCGAGTTTGGGCAGTGG,GCGGTGCCGAGCGTGAGCAGGGG,0
GTGGTGGCGCGCGTGCGGAGCGG,GCGGTGCCGAGCGTGAGCAGGGG,0
GCAGCTCCGAGGCTGAGCAGCGG,GCGGTGCCGAGCGTGAGCAGGGG,0
GCTGGGGCGAGGGTGGGCAGGGG,GCGGTGCCGAGCGTGAGCAGGGG,0
TCGGTGCTGAGGGTGGCCAGTGG,GCGGTGCCGAGCGTGAGCAGGGG,0
ATAGACCTGTATGACTGTGACGG,ATAGTAATGGATTACTGTGAGGG,0
ATAATAATGGCTTCTTGAGAGGG,ATAGTAATGGATTACTGTGAGGG,0
ATAGTAATATATTGGAGTGAGGG,ATAGTAATGGATTACTGTGAGGG,0
ATAGGTATAGATTACAGAGAAGG,ATAGTAATGGATTACTGTGAGGG,0
GGGGCGCGGAGCGGGGGCAGGGG,GCGGTGCCGAGCGTGAGCAGGGG,0
GCCGAGCCGAGCGAGCGCGGCGG,GCGGTGCCGAGCGTGAGCAGGGG,0
GAGGCGCCGAGAGTGAGCGAGGG,GCGGTGCCGAGCGTGAGCAGGGG,0
GAGGTGCCGAGAGCAAGCAAGGG,GCGGTGCCGAGCGTGAGCAGGGG,0
CCGGAGCCGGGCGTGGGCCGGGG,GCGGTGCCGAGCGTGAGCAGGGG,0
GCTGAACCGAGTGTGAGGAGGGG,GCGGTGCCGAGCGTGAGCAGGGG,0
GCGGTGTCCAGCAGCAGCAGAGG,GCGGTGCCGAGCGTGAGCAGGGG,0
GCTAAGCCCAGCGTGTGCAGAGG,GCGGTGCCGAGCGTGAGCAGGGG,0
GCTGTGTAGAGGGTGGGCAGAGG,GCGGTGCCGAGCGTGAGCAGGGG,0
GAGGCGCCGAGAGCGAGCAAGGG,GCGGTGCCGAGCGTGAGCAGGGG,0
ATAGTAATGTTTTGATCTGATGG,ATAGTAATGGATTACTGTGAGGG,0
ATCGTAGCGGACTGCTGTGAGGG,ATAGTAATGGATTACTGTGAGGG,0
ATACCAATTGATTTCTTTGAAGG,ATAGTAATGGATTACTGTGAGGG,0
ATAGAAATGCACAACTGAGATGG,ATAGTAATGGATTACTGTGAGGG,0
ATTGTAATGGACTACTTCGTTGG,ATAGTAATGGATTACTGTGAGGG,0
TCAGTAATAGATTACTGAAATGG,ATAGTAATGGATTACTGTGAGGG,0
ATTGTAATGGTTAACTTTGTGGG,ATAGTAATGGATTACTGTGAGGG,0
ATAGCACTGGACTACTGATATGG,ATAGTAATGGATTACTGTGAGGG,0
ACCCTAATGGATGACTTTGAGGG,ATAGTAATGGATTACTGTGAGGG,0
ATAATTTTTGTTTACTGTGAAGG,ATAGTAATGGATTACTGTGAGGG,0
AGCCAAATAGATTACTGTGAAGG,ATAGTAATGGATTACTGTGAGGG,0
CTAGTAGAGGTTTTCTGTGAGGG,ATAGTAATGGATTACTGTGAGGG,0
AAAATAATGCAGTACTTTGATGG,ATAGTAATGGATTACTGTGAGGG,0
ATAGAAAGAGATTTCTTTGATGG,ATAGTAATGGATTACTGTGAGGG,0
TGAGTAATAGATTCCTGTAAAGG,ATAGTAATGGATTACTGTGAGGG,0
ATAGTAATGGATAAGTCTCCAGG,ATAGTAATGGATTACTGTGAGGG,0
AGTGTGATGGAATAGTGTGACGG,ATAGTAATGGATTACTGTGAGGG,0
GCGGCGCCGAGAGCGAGCGAGGG,GCGGTGCCGAGCGTGAGCAGGGG,0
GAGGTGCCGAGAGCGAGCGAGGG,GCGGTGCCGAGCGTGAGCAGGGG,0
GCGGTGCGGGGGATGGGCAGAGG,GCGGTGCCGAGCGTGAGCAGGGG,0
GTGGGAGCGAGCCTGAGCAGTGG,GCGGTGCCGAGCGTGAGCAGGGG,0
ATAATAATGGAATAATTTAATGG,ATAGTAATGGATTACTGTGAGGG,0
ATTATAGTGGATTACAGTGCTGG,ATAGTAATGGATTACTGTGAGGG,0
GAAGTAATGAATGATTGTGAGGG,ATAGTAATGGATTACTGTGAGGG,0
ATAGATATTGATTTCTCTGACGG,ATAGTAATGGATTACTGTGAGGG,0
GCTGTGCCCAGAGAGTGCAGAGG,GCGGTGCCGAGCGTGAGCAGGGG,0
GCACAGCTGAGCGTGTGCAGAGG,GCGGTGCCGAGCGTGAGCAGGGG,0
GCAGTGGGGAGCGTGGGCGGGGG,GCGGTGCCGAGCGTGAGCAGGGG,0
GAGGTGCCGAGAGCGAGCGAGGG,GCGGTGCCGAGCGTGAGCAGGGG,0
GAGGTGCGGAGAGTGAGCGAGGG,GCGGTGCCGAGCGTGAGCAGGGG,0
GCAGTGCTGAGCCAGAGCTGGGG,GCGGTGCCGAGCGTGAGCAGGGG,0
GTGTTGCCGAGTGTGAGTGGAGG,GCGGTGCCGAGCGTGAGCAGGGG,0
CTACAAATGGATCACTGTGGTGG,ATAGTAATGGATTACTGTGAGGG,0
ATGGCAATGGATTTGTGGGATGG,ATAGTAATGGATTACTGTGAGGG,0
ACAGGGATGCATAACTGTGAGGG,ATAGTAATGGATTACTGTGAGGG,0
GTCCTCATGGATTACTTTGAGGG,ATAGTAATGGATTACTGTGAGGG,0
AGAATACTGTATTACTGTAATGG,ATAGTAATGGATTACTGTGAGGG,0
ATAGCAATTGATTGCTTTTATGG,ATAGTAATGGATTACTGTGAGGG,0
ATAGATATTGATTTCTCTGATGG,ATAGTAATGGATTACTGTGAGGG,0
ATCCTCATGGATGACTTTGATGG,ATAGTAATGGATTACTGTGAGGG,0
ATATTAATAAAATACTGTGGTGG,ATAGTAATGGATTACTGTGAGGG,0
ATAGGAGGGGCTTTCTGTGAAGG,ATAGTAATGGATTACTGTGAGGG,0
ATAGTATTGGATTTCTGGCCAGG,ATAGTAATGGATTACTGTGAGGG,0
GTATTACTGGATTGCTGTAAGGG,ATAGTAATGGATTACTGTGAGGG,0
ATAGTAATGTTTTAGAGTGTAGG,ATAGTAATGGATTACTGTGAGGG,0
ATAGAATAGGATTTCTGTAATGG,ATAGTAATGGATTACTGTGAGGG,0
TTAACAATGCATTACTCTGAAGG,ATAGTAATGGATTACTGTGAGGG,0
ATAGTATAGGGTTTCTTTGAAGG,ATAGTAATGGATTACTGTGAGGG,0
CTTGTAATGTATTTCTGTTATGG,ATAGTAATGGATTACTGTGAGGG,0
ATAGTAAGGAATTATTTTGTGGG,ATAGTAATGGATTACTGTGAGGG,0
ATTGTGATGGCTGACTCTGATGG,ATAGTAATGGATTACTGTGAGGG,0
ATAATTATGTCTTTCTGTGAAGG,ATAGTAATGGATTACTGTGAGGG,0
TTAGTGATCGCTCACTGTGACGG,ATAGTAATGGATTACTGTGAGGG,0
ATTGTATGGGAAAACTGTGAAGG,ATAGTAATGGATTACTGTGAGGG,0
GCTGGGCCCAGCGGGAGCGGCGG,GCGGTGCCGAGCGTGAGCAGGGG,0
GAGGGGCCCAGCGTGATCACAGG,GCGGTGCCGAGCGTGAGCAGGGG,0
GCGGTGAGGTGCGATAGCAGGGG,GCGGTGCCGAGCGTGAGCAGGGG,0
CTAGAATTAGATAACTGTGATGG,ATAGTAATGGATTACTGTGAGGG,0
GCGCAGCCGAGCGTGGCCGGCGG,GCGGTGCCGAGCGTGAGCAGGGG,0
ACCGTGCTGTGCGTGGGCAGGGG,GCGGTGCCGAGCGTGAGCAGGGG,0
GCTGTGCCGCATGTCAGCAGTGG,GCGGTGCCGAGCGTGAGCAGGGG,0
GCAGTGCAGGGAGTGTGCAGGGG,GCGGTGCCGAGCGTGAGCAGGGG,0
GCGGGGCCTAGCAGGAGCGGGGG,GCGGTGCCGAGCGTGAGCAGGGG,0
GCCGGGCCGGGTGTGAGGAGGGG,GCGGTGCCGAGCGTGAGCAGGGG,0
TTCGTAATGGTTTGCTGTCATGG,ATAGTAATGGATTACTGTGAGGG,0
GCGGCTCCGAGCGAGTGCACGGG,GCGGTGCCGAGCGTGAGCAGGGG,0
GGGGTGGGGAGCGTGGGAAGGGG,GCGGTGCCGAGCGTGAGCAGGGG,0
GTGGTTCCGAACGGGCGCAGTGG,GCGGTGCCGAGCGTGAGCAGGGG,0
ATAGAAATGGAATGCTGCTATGG,ATAGTAATGGATTACTGTGAGGG,0
GCGCGGGCGGGCGTGAGCGGCGG,GCGGTGCCGAGCGTGAGCAGGGG,0
GCGGTGGAGGGTGTGACCAGAGG,GCGGTGCCGAGCGTGAGCAGGGG,0
GCGGGGCTGGGGGTGAGGAGGGG,GCGGTGCCGAGCGTGAGCAGGGG,0
GGAGTGGAGAGGGTGAGCAGAGG,GCGGTGCCGAGCGTGAGCAGGGG,0
GGAGTGCCCACCTTGAGCAGAGG,GCGGTGCCGAGCGTGAGCAGGGG,0
ATAGAAATCATTTACTTTGAGGG,ATAGTAATGGATTACTGTGAGGG,0
AACTCAATGGATTGCTGTGAGGG,ATAGTAATGGATTACTGTGAGGG,0
AGAGGTATGGGTTACTTTGAAGG,ATAGTAATGGATTACTGTGAGGG,0
TTAGCAAAGGATTACAGGGAAGG,ATAGTAATGGATTACTGTGAGGG,0
GCACTGCTGGGCGTGAGCACGGG,GCGGTGCCGAGCGTGAGCAGGGG,0
GCTGTTCTGAGGGTGATCAGAGG,GCGGTGCCGAGCGTGAGCAGGGG,0
GGGGTGGAGTGGGTGAGCAGAGG,GCGGTGCCGAGCGTGAGCAGGGG,0
CCGGGGCCGGGCGGGAGCCGCGG,GCGGTGCCGAGCGTGAGCAGGGG,0
GCCTTGCCGAACCTGAGAAGGGG,GCGGTGCCGAGCGTGAGCAGGGG,0
GCGGGGCCGCGCCGGAGCTGGGG,GCGGTGCCGAGCGTGAGCAGGGG,0
CAGGTGCAGAGAGTGAGCTGAGG,GCGGTGCCGAGCGTGAGCAGGGG,0
GAGGTGCTGAGAGTGAGCGAGGG,GCGGTGCCGAGCGTGAGCAGGGG,0
GAGGCGCCGAGAGTGAGCGAGGG,GCGGTGCCGAGCGTGAGCAGGGG,0
AGGGTGGCGAGTGTGAGCATAGG,GCGGTGCCGAGCGTGAGCAGGGG,0
GGGGTGACGAGACTGAGCTGAGG,GCGGTGCCGAGCGTGAGCAGGGG,0
GAGGTGCCGAGAGCGAGCGAGGG,GCGGTGCCGAGCGTGAGCAGGGG,0
GCGGTAGTGGGAGTGAGCAGTGG,GCGGTGCCGAGCGTGAGCAGGGG,0
GAGGTGCTGAGAGCGAGCAAGGG,GCGGTGCCGAGCGTGAGCAGGGG,0
GAGGTGCCGAGACTGTGGAGGGG,GCGGTGCCGAGCGTGAGCAGGGG,0
GAGGAGACGTGGGTGAGCAGAGG,GCGGTGCCGAGCGTGAGCAGGGG,0
GAGGCGCCGAGAGTGAGCGAGGG,GCGGTGCCGAGCGTGAGCAGGGG,0
GCGGCGGCGAGCGGGAGCCCAGG,GCGGTGCCGAGCGTGAGCAGGGG,0
GCGGCGCCCACCGTGCGGAGGGG,GCGGTGCCGAGCGTGAGCAGGGG,0
GAGGCGCCGAGAGTGAGCGAGGG,GCGGTGCCGAGCGTGAGCAGGGG,0
GCGGGGCCGAGAGCGCGCTGAGG,GCGGTGCCGAGCGTGAGCAGGGG,0
GCCGGGCTCAGCGTGAGCCGAGG,GCGGTGCCGAGCGTGAGCAGGGG,0
GCAGTGCTGGGGGTGAGCCGCGG,GCGGTGCCGAGCGTGAGCAGGGG,0
GTGGTGTCCATCGTGGGCAGCGG,GCGGTGCCGAGCGTGAGCAGGGG,0
GCGGAGCCGGGCGCGGGGAGAGG,GCGGTGCCGAGCGTGAGCAGGGG,0
GTGGGAACGAGCCTGAGCAGCGG,GCGGTGCCGAGCGTGAGCAGGGG,0
GCGGTGACGGGCGAGGGCAAGGG,GCGGTGCCGAGCGTGAGCAGGGG,0
GGGCGGCCGAGCGAGCGCAGAGG,GCGGTGCCGAGCGTGAGCAGGGG,0
GCGTTGGCCAGCGGCAGCAGTGG,GCGGTGCCGAGCGTGAGCAGGGG,0
GCGGTGCCGGGCATGATGGGTGG,GCGGTGCCGAGCGTGAGCAGGGG,0
GAGGTGCCGAGAGCAAGCGGGGG,GCGGTGCCGAGCGTGAGCAGGGG,0
GCGCAGCCGCGAGTGAGCATGGG,GCGGTGCCGAGCGTGAGCAGGGG,0
GCCGCGCCGCCGGTGAGCAGGGG,GCGGTGCCGAGCGTGAGCAGGGG,0
GAGGCGCCGAGAGCGAGCAAGGG,GCGGTGCCGAGCGTGAGCAGGGG,0
GTGGTGCCCAGACTGGGCAGGGG,GCGGTGCCGAGCGTGAGCAGGGG,0
GAGGCGCCGAGAGCGAGCAAGGG,GCGGTGCCGAGCGTGAGCAGGGG,0
GAGGTGCCGAGAGCGAGCGAGGG,GCGGTGCCGAGCGTGAGCAGGGG,0
